100 Pushups,com.infiniteappz.100pushups_1.2.1_all.ipk,com.infiniteappz.100pushups_1.0.3_all.ipk
1Reader Pro,com.semicolonapps.1reader.pro_0.3.5_all.ipk,com.semicolonapps.1reader.pro.beta_0.3.6_all.ipk
Airplanes! - Air Traffic Controller,net.wizardapps.airplanes_1.0.1_all.ipk,net.wizardapps.airplanes_1.0.1_armv7.ipk
Altimeter,com.185vfx.altimeter_1.1.0_all.ipk,com.hp.beta.altimeter_0.0.9_all.ipk
Amigo Music Player,de.tamspalm.amigo2_2.3.1_all.ipk,de.tamspalm.amigo2_2.1.0_all.ipk
Angry Birds for Pixi,com.rovio.angrybirds-pixi_1.5.3.ipk,com.rovio.angrybirds-pixi_1.5.3_all.ipk
Animal ABCs,com.ekesqueaky.animalabcs_1.1.1_all.ipk,com.ekesqueaky.animalabcs_1.1.0_all.ipk
Animate Pro!,com.hawkinsoft.animate-pro_1.0.10_all.ipk,com.hawkinsoft.animate-pro_1.0.9_all.ipk
App Catalog,com.palm.app.findapps_2.0.22300_all.ipk,com.palm.app.findapps_2.1.10000.ipk
Appbox,com.codebeyond.appbox_1.5.0_all.ipk,com.codebeyond.appbox_1.4.1_all.ipk
Asphalt 5 FREE,com.gameloft.app.asphalt5free_1.0.8_all.ipk,com.gameloft.app.asphalt5free_1.1.0_all.ipk
At Bat 11,com.mlb.atbat2011_1.0.1_all.ipk,mlb.atbat2011_1.0.1_all.ipk
Backgammon,com.app.blueswitch.backgammon_0.1.5_all.ipk,com.app.blueswitch.backgammon_0.1.5.ipk
BestPrice HD,com.jaf0.bestprice.hd_0.4.0_all.ipk,com.hp.contest.bestprice_1.0.0_all.ipk
Beware of the Bad Seeds,com.realtechvr.app.badseeds_1.2.0_all.ipk,com.realtechvr.app.skyorb_1.5.26_all.ipk
BLINK - The Fastest Game Ever,com.diceapps.webos.blink_0.0.6_all.ipk,com.diceapps.webos.blinknoad_0.0.6_all.ipk
Brain Blaster,com.merkel.brainblaster_1.1.9_all.ipk,com.merkel.brainblaster_1.1.7_all.ipk
Brand Name Space Game,com.inertia360.app.spacegame_1.1.857_all.ipk,com.inertia360.app.spacegamebeta_0.4.761_all.ipk
Britannica Kids: Solar System [US],com.britannica.kids.solarsystem-us_1.1.2_all.ipk,com.britannica.kids.solarsystem-us_1.0.0_all.ipk
Bubbles!(German),com.bytesequencing.pre.balls_1.0.5_all.ipk,com.bytesequencing.pre.balls_0.9.9_all.ipk
BubbleWrap,com.fridayapps.bubblewrap_1.2.0_all.ipk,com.dseffects.bubblewrap_1.0.1_all.ipk
Camera Fun!,com.chickenfarm.camerafun_2.3.2_all.ipk,com.chickenfarm.camerafun_2.4.0_all.ipk
Carbon for Twitter,com.dotsandlines.carbon_1.2.4_all.ipk,com.dotsandlines.carbon_1.2.4_all.ipk.ipk
Casa,com.ingloriousapps.casa_2.0.0_all.ipk,com.ingloriousapps.casa_1.0.2_all.ipk
Catch N Shoot: Bugs Life,com.fierrostudios.catchnshootbugs_1.0.4.ipk,com.fierrostudios.catchnshootbugs_1.0.4_all.ipk
Catchwords,com.kevinforeman.catchwords_1.1.0_all.ipk,com.kevinforeman.catchwords_1.0.0_all.ipk
Caveman,com.mobile1up.caveman_1.2.3_all.ipk,com.mobile1up.caveman_0.9.2_all.ipk
CENTURY 21 Real Estate Mobile Search,com.smarteragent.realestate.c21_4.0.2_all.ipk,com.smarteragent.realestate.c21_4.0.1_all.ipk
Chess HD,com.flashmedia.chessflash_1.2.1_all.ipk,com.flashmedia.chessflash_1.1.3_all.ipk
Classic Solitaire,net.wimesh.webos.solitaire_1.0.3_all.ipk,net.wimesh.webos.solitaire_1.0.2_all.ipk
ClearCard,com.clearwater.clearcard_1.0.9_all.ipk,com.clearwater.clearcard_1.0.0_all.ipk
Clock In - Time Tracker,com.asamto.clockin_1.4.0_all.ipk,com.asamto.clockin_1.3.4_all.ipk
Coloring Book HD,com.avnerarbel.coloringhd_2.0.1_all.ipk,com.avnerarbel.coloringhd_1.2.3_all.ipk
Cronk,com.cronkgames.cronk_1.3.3_all.ipk,com.cronkgames.cronk_1.3.2_all.ipk
CSS Pro Quick Guide,com.mobileappsmaui.cssproquickguide_1.1.0_all.ipk,com.mobileappsmaui.cssproquickguide_1.0.0_all.ipk
Currencies Pro,com.handydev.currenciespro_1.3.0_all.ipk,com.handydev.currenciespro_1.0.0_all-CHS.ipk
CurrencyConverter,com.prologinc.currencyconverter_1.0.0_all.ipk,com.hp.currencyconverter_1.0.0_all.ipk
DecisionMaker,tapp.webos.decisionmaker_1.0.3_all.ipk,com.hp.beta.decisionmaker_1.0.0_all.ipk
Desktop Notes,com.forwebos.desktopnotes_1.4.0_all.ipk,com.forwebos.desktopnotes_1.4.5_all.ipk
Dice Roller,com.fourthdraftsoftware.diceroller_1.1.6_all.ipk,com.hp.beta.diceroller_1.0.0_all.ipk
Dictionary and Thesaurus,com.paduraru.dictionarythesaurus_2.1.7_all.ipk,com.paduraru.dictionarythesaurus_2.0.6_all.ipk
Differences,com.zone303.differences_1.0.3_all.ipk,com.zone303.differences_1.0.2_all.ipk
Digloo (Digg App),com.rmxapps.digloo_1.3.3_all.ipk,com.rmxapps.digloo_1.0.0_all.ipk
Dropboxify HD,com.dogood.dropboxenyo_1.3.0.ipk,com.dogood.dropboxenyo_1.3.0_all.ipk
easyClock for phone,com.jeffyuan.globaltime_2.0.0_all.ipk,com.jeffyuan.globaltime_1.0.5_all.ipk
EasyDreams,com.17studios.easydreams_2.0.0_all.ipk,com.17studios.easydreams_2.0.1_all.ipk
English Dictionary and Thesaurus,com.ultralingua.palmpre.dictionaries.enen_1.0.2_all.ipk,com.ultralingua.palmpre.dictionaries.enen_1.0.1_all.ipk
EVAC,net.hexage.evac_1.0.1_all.ipk,net.hexage.evac.hd_1.9.5_all.ipk
Excavate for Reddit,net.nexapps.excavatereddit_1.4.2_all.ipk,net.nexapps.excavatereddit_1.2.1_all.ipk
Feeder,com.semicolonapps.feeder_0.7.5_all.ipk,com.semicolonapps.feeder_0.7.3_all.ipk
Feeds,com.deliciousmorsel.feeds_1.0.6_all.ipk,com.deliciousmorsel.feeds_1.0.7_all.ipk
File Sync,com.victorylinkusa.filesync_5.0.1_all.ipk,com.victorylinkusa.filesync_2.4.0_all.ipk
Fingerprint Scanner (Update),com.kdbproductions.fingerprintscanner_4.1.1_all.ipk,com.kdbproductions.fingerprintscanner_3.0.0_all.ipk
FlightView,com.flightview.palm_0.9.17_all_signed.ipk,com.flightview.palm_0.9.17_all.ipk
Free Music Ringtones,com.jamesharris.musicringtones_1.5.0_all.ipk,com.jamesharris.musicringtones_1.5.1_all.ipk
Front-facing Camera Mirror,com.full.tamoggemon.ffcmpre_1.0.000_all.ipk,com.trial.tamoggemon.ffcmpre_1.0.1.ipk
Fubar,com.bentsoftware.fubar_2.0.0_all.ipk,com.bentsoftware.fubar_1.1.1_all.ipk
Full Moon-Warrior Within,com.njoyentertain.app.fullmoon_1.0.0_all.ipk,com.njoyentertain.app.fullmoon_1.0.0_armv7.ipk
Gamer Friends for PSN,com.appstuh.friends_1.4.2701_all.ipk,com.appstuh.friends_1.4.1000_all.ipk
Go To Tool,com.longbeachit.gototool_1.3.22_all.ipk,com.longbeachit.gototool_1.3.14_all.ipk
Google Latitude Assistant,com.jmprod.latassist_1.1.1_all.ipk,com.jmprod.latassist_1.0.2_all.ipk
GPS Tracker,com.kargesoftware.gpstracker_1.0.438_all.ipk,com.kargesoftware.gpstracker_1.0.477_all.ipk
Ground &#xffec;t Pro,com.jakyl.gepro_1.6.2_all.ipk,com.jakyl.gepro_1.0.0_all.ipk
Hangman,com.warlord.hangman_1.1.3.ipk,com.warlord.hangman_1.1.3_all.ipk
Hi SkyDrive,com.talign.skydrive_1.0.5.ipk,com.talign.skydrive_1.0.3_all.ipk
Honor Dice,com.jacoblashley.honor_1.0.6_all.ipk,com.jacoblashley.honor_1.0.4_all.ipk
iPocket Tools 7 in 1,com.gpimports.ipockettools_1.0.4_all.ipk,com.gpimports.ipockettools_1.0.2_all.ipk
iShelf,com.guindi.ishelf_1.11.0_all.ipk,com.guindi.ishelf_1.9.0_all.ipk
iSilo,com.dcco.app.isilo_6.05.0_all.ipk,com.dcco.app.isilo_6.04.0_all.ipk
iSilo for TouchPad,com.dcco.app.isiloe_6.10.0.ipk,com.dcco.app.isiloe_5.29.0_all.ipk
iStayFit,com.looti.istayfitpalm_1.5.1_all.ipk,com.looti.istayfitpalm_1.4.0_all.ipk
JogStats,com.rustyapps.jogstats_2.0.6_all.ipk,com.rustyapps.jogstats_2.0.0_all.ipk
King of the Hill,com.soundboardmasters.kingofthehillsoundboard_1.1.3_all.ipk,com.roalapps.kingofthehillsoundboard_2.0.0_all.ipk
Labybox,com.rtf.labybox_2.0.1_all.ipk,com.alex.labybox_1.0.2_all.ipk
Let's Golf! HD,com.gameloft.app.letsgolf_all.ipk,com.gameloft.app.letsgolf_1.0.0_all.ipk
Lexicomp,com.lexi.lexicomp_2.1.1_all.ipk,com.lexi.lexicomp_2.1.0_all_patched.ipk
Light Saber,com.doin.lightsaber_1.3.7_all.ipk,com.pregroundscom.lightsaber_1.0.0_all.ipk
LOL: Cheezburger FailBlog and More!,net.wizardapps.lol_1.1.7_all.ipk,net.wizardapps.lol_1.1.0_all.ipk
Lotto HD,com.fxuniverse.lottohd_1.0.3_all.ipk,com.fxuniverse.lottohd_1.0.0_all.ipk
Lunar Attack,com.sevenel.attack_1.1.4_all.ipk,com.sevenel.attack_0.3.8_all.ipk
Mancala,com.carteblanche.mancala_1.8.0_all.ipk,com.carteblanche.mancala_1.5.0_all.ipk
Manga &#xeade;r HD,de.crystaldev.mangareader.hd_0.8.7_all.ipk,com.de.crystaldev.mangareader.hd_0.8.0_all.ipk
Memory Game,com.doin.memorygame_1.0.5_all.ipk,com.hp.beta.memorygame_1.0.0_all.ipk
Minefield Premium,com.scottbyrns.p.minefield_1.0.0_all.ipk,com.scottbyrns.b.minefield_1.0.5_all.ipk
MONOPOLY (International),com.ea.app.monopoly.eu.efigs.paid_20.0.42_all.ipk,com.ea.app.monopoly.eu.efigs_20.0.40.ipk
MoreStocks,com.moresol.stocks_2.0.8_all.ipk,com.moresol.stocks_2.0.2_all.ipk
Multitouch Piano,com.naggel.piano_1.3.0_all.ipk,com.naggel.piano_1.6.0_all.ipk
My Diary,com.infiniteappz.mydiary_2.1.0_all.ipk,com.infiniteappz.mydiary_2.0.1_all.ipk
My Time Spent,com.orgorganization.app.mytimespenthd_1.0.0_all.ipk,com.orgorganization.app.timespentlarge_0.0.1_all.ipk
My Vacations,com.infiniteappz.myvacations_1.2.0_all.ipk,com.infiniteappz.myvacations_1.0.0_all.ipk
MyQ For Netflix,net.nexapps.myq_0.8.9_all.ipk,net.nexapps.myq_0.7.7_all.ipk
Need for Speed Undercover (English),com.ea.app.nfsuc.eu.en.paid_20.0.56_all.ipk,com.ea.app.nfsuc.eu.en_20.0.48_all.ipk
NesEm,com.kalemsoft.nesemdx_1.1.0_all.ipk,com.kalemsoft.nesemdx_1.0.8_all.ipk
netSpeed,com.futurepr0n.netspeed_1.0.7_all.ipk,com.futurepr0n.netspeed_1.0.3_all.ipk
OddBlob,com.astraware.oddblob_1.06.008_all.ipk,com.astraware.oddblob_1.06.008_armv7.ipk
Oh the Huge Manatee!,com.littlegreymedia.manatee_1.3.0_all.ipk,littlegreymedia.manatee_1.2.0_all.ipk
Pack 'n' Track,com.gosyntactix.paid.packntrack_3.1.18_all.ipk,com.gosyntactix.cracked.packntrack_0.9.710_all.ipk
Pack 'n' Track 7 Day Free Trial,com.gosyntactix.trial.packntrack_1.1.33_all.ipk,com.gosyntactix.cracked.packntrack_0.9.710_all.ipk
Personal Finance Calculator,com.kandydevelopment.enyo.kcalculator_1.0.4_all.ipk,com.kandydevelopment.enyo.kcalculator_1.0.1_all.ipk
PhakePhoney,com.shanerooni.phakephoney_1.2.0_all.ipk,com.shanerooni.phakephoney_1.1.0_all.ipk
Photo Me,com.talign.photome_1.0.4_all.ipk,com.talign.photome_1.0.5.ipk
Photo Point,com.nachofries.mojo.photopaint_1.6.0_all.ipk,com.nachofries.mojo.photopaint_1.6.0_all_Sxeile.ipk
PhotoDialer,com.palm.com.cardinalpeak.photodialer_1.4.0_all.ipk,com.palm.com.cardinalpeak.photodialer_0.9.8_all.ipk
Plickr,com.ingloriousapps.plickr_1.2.2_all.ipk,com.ingloriousapps.plickr_1.0.2_all.ipk
QuickText,com.kingplus.quicksms_1.0.2_all.ipk,com.hp.quicksms_1.0.1_all.ipk
Reality Gun.,appcatalog.full.tamoggemon.realitygun_1.3.1_all.ipk,appcatalog.full.tamoggemon.realitygun_1.1.5_all.ipk
Reboxed,com.semicolonapps.reboxed_0.9.2_all.ipk,com.semicolonapps.reboxed_0.9.0_all.ipk
Robot Football,com.plasmaworks.robotfootball_1.2.2_all.ipk,com.plasmaworks.robotfootball_1.0.0_all.ipk
Rockus ABC's,com.rockus.abcs_1.2.10_all.ipk,com.rockus.abcs_1.2.9_all.ipk
Rockus Animals,com.rockus.animals_1.2.16_all.ipk,com.rockus.animals_1.2.11_all.ipk
Rockus Sound Machine,com.rockus.soundmachine_2.0.1_all.ipk,com.rockus.soundmachine_1.3.0_all.ipk
Roman Jewels,com.skaljac.rjewels_1.0.20.ipk,com.skaljac.rjewels_1.0.20_all.ipk
Ruler for webOS,com.leetcom.ruler_1.0.0_all.ipk,com.hp.beta.ruler_1.0.0_all.ipk
Scientific RPN Calculator HD,nl.i-marco.app.scientificcalculatorhdapp_3.1.1_all.ipk,nl.i-marco.app.scientificcalculatorapp_1.0.45_all.ipk
Shopping List,com.mojoapps.shoppinglist_1.5.6_all.ipk,com.mojoapps.shoppinglist_1.5.4_all.ipk
SimpleClock,com.angrygoat.simpleclock_2.0.5.ipk,com.angrygoat.simpleclock_1.1.1_all.ipk
Slide RSS,com.appsotutely.sliderss_1.4.8_all.ipk,com.appsotutely.sliderss_1.3.8_all.ipk
Slot Machine,com.pregroundscom.slotmachine_1.0.9_all.ipk,com.pregroundscom.slotmachine_1.0.1_all.ipk
SmartShopping,com.lakshmisolutions.smartshopping_1.5.0_all.ipk,com.lakshmisolutions.smartshopping_1.3.5_all.ipk
SMS MMS Email Emoticons Pro,com.myappcatalog.emailemoticonspro_4.13.0_all.ipk,com.myappcatalog.emailemoticonspro_4.11.0_all.ipk
SodaSynth HD,com.oscillicious.sodasynthhd_1.0.3_all.ipk,com.oscillicious.sodasynthhd_1.0.2_all.ipk
Space Shuttle,com.laminar-research.app.xplane-shuttle_9.5.2_all.ipk,com.laminar-research.app.xplane-shuttle_9.5.0_all.ipk
Spades,com.bytesequencing.pre.spades_1.0.5_all.ipk,com.bytesequencing.pre.spades_0.9.8_all.ipk
Sparkle,com.10tons.app.sparkle_1.0.0_all.ipk,com.10tons.app.sparkle_1.0.7_all.ipk
Speed Brain,com.lumoslabs.speed-brain_0.9.17_all_signed.ipk,com.lumoslabs.speed-brain_0.9.17_all.ipk
SpellWell,com.viscinc.spellwell_1.6.4_all.ipk,com.viscinc.spellwell_1.1.0_all.ipk
Spit!,net.wimesh.webos.spit_1.0.7_all.ipk,net.wimesh.webos.spit_1.0.6_all.ipk
Sports Calendar,com.unnamedapps.sportscalendar_2.1.5_all.ipk,com.unnamedapps.sportscalendar_2.0.4_all.ipk
Sports Live!,com.moresol.live.sports_2.1.8_all.ipk,com.moresol.live.sports_2.0.1_all.ipk
Sports Live! HD,com.moresol.hd.sportslive_1.2.4_all.ipk,com.moresol.hd.sportslive_1.1.2_all.ipk
Squeeze Control,com.angrygoat.sqzctrl_2.1.1_all.ipk,com.angrygoat.sqzctrl_2.2.3_all.ipk
StatisticZ HD for Piwik,de.zefanjas.statisticz.enyo_1.0.0_all.ipk,com.hpit.mobile.appcatalog.enyo_1.2.0_all.ipk
Sudoku by EA,com.ea.app.sudoku_1.0.75_all.ipk,com.ea.app.sudoku_1.0.74_all.ipk
SudokuPlus,com.sierrablanco.app.sudokuplus_1.2.0_all.ipk,com.sierrablanco.app.sudokuplusdemobeta_1.3.0_all.ipk
Super Sudoku,com.orbsix.app.supersudoku_1.0.0_all.ipk,com.orbsix.app.supersudokubeta_1.0.0_all.ipk
Supersonic,com.kuuasema.supersonic_1.0.3_all.ipk,com.kuuasema.supersonic_1.0.2_all.ipk
T Minus,com.orgorganization.app.tminus_1.0.1_all.ipk,com.orgorganization.app.tminus_1.0.0_all.ipk
T-Money,com.soundexpressions.tmoney_1.1.3_all.ipk,com.soundexpressions.tmoney_1.0.0_all.ipk
Tao Te Ching - Chinese Wisdom,com.panoptisoft.taoteching_1.0.1_all.ipk,com.panoptisoft.taoteching_1.0.0_all.ipk
TealAuto Mileage and Service,com.tealpoint.tealauto_2.3.7_all.ipk,com.tealpoint.tealauto_2.3.6_all.ipk
TechTray,com.kliktrayllc.techtray_1.6.2013.ipk,com.kliktrayllc.techtray_1.6.2013_all.ipk
Text2Voice,com.bobchatter.vox_1.0.2_all.ipk,com.bobchatter.vox_1.0.1_all.ipk
The Sims 3 (International),com.ea.app.sims.eu.efigs.paid_20.0.31_all.ipk,com.ea.app.sims.eu.efigs_20.0.29_all.ipk
The Tip Calculator,com.speedyrob.tipcalc_1.0.4_all.ipk,com.hp.tipcalc_1.0.0_all.ipk
Threes,com.warlord.threes_1.1.3.ipk,com.warlord.threes_1.1.3_all.ipk
TileStorm:Eggbot's Polar Adventure HD,com.jakyl.tilestormpole_1.2.1_all.ipk,com.jakyl.tilestormpole_1.1.2_all.ipk
Tilt GT,com.underclouds.tiltrack_1.3.1_all.ipk,com.underclouds.tiltrack_1.2.0_all.ipk
Tilt Origami,com.lexansoft.tiltorigami_2.2.1_all.ipk,com.lexansoft.tiltorigami_1.2.1_all.ipk
Tilt-A-Maze,com.mrjspeed.tiltamazefull_0.9.1_all.ipk,com.mrjspeed.tiltamazefull_0.8.0_all.ipk
Tip Time,com.thoughtmatrix.tipcalculator_1.2.5_all.ipk,com.paracletetechnologies.tipcalculator_1.2.1_all.ipk
Today's Tasks,com.machiapps.todaystasks_1.2.0_all.ipk,com.machiapps.todaystasks_1.2.1_all.ipk
Top Stocks,com.vit.topstocks_2.1.28_all.ipk,com.vit.topstocks_1.7.0_all.ipk
TouchConnect Plus,com.forwebos.tconnectplus_1.2.4_all.ipk,com.forwebos.tconnectplus_1.2.2_all.ipk
TouchFeeds,com.sanchezapps.touchfeeds_1.3.6_all.ipk,com.sanchezapps.touchfeeds_1.3.5_all.ipk
TRANSFORMERS G1: AWAKENING,com.glu.app.transg1_1.1.1_all.ipk,com.glu.app.transg1_1.1.0_all.ipk
Trivia,com.amazing.trivia_1.1.0_all.ipk,com.amd.trivia_0.0.6_all.ipk
Tumblbox for webOS,com.jamtat.tumblboxrelease_1.1.2_all.ipk,com.jamtat.tumblboxrelease_1.1.0_all.ipk
Twee,com.deliciousmorsel.twee_2.0.1_all.ipk,com.deliciousmorsel.twee_2.0.1_armv7.ipk
Two Outta Three!,com.chrisvanhooser.twoouttathree_1.1.0_all.ipk,com.chrisvanhooser.twoouttathree_1.0.0_all.ipk
Two Thumbs Up Typing Tutor,com.sierrablanco.app.twothumbsup_1.0.6_all.ipk,com.sierrablanco.app.twothumbsupbeta_1.0.5_all.ipk
UNOâ„¢ HD,com.gameloft.app.uno-pixi_1.0.4_all.ipk,com.gameloft.app.uno-pixi-veer_1.0.4_all.ipk
US Baseball Live!,com.moresol.live.baseball_2.1.8_all.ipk,com.moresol.live.baseball_1.8.0_all.ipk
VDRemote Pro,com.r11gs-de.vdremotepro_1.5.1_all.ipk,com.r11gs-de.vdremotepro_1.5.2_all.ipk
Virus Defense,com.invasivebamboo.virusdefense_1.2.1_all.ipk,com.invasivebamboo.virusdefense_1.2.0_all.ipk
Voogle,com.kandutech.voogle_2.2.0_all.ipk,com.kandutech.voogle_2.1.3_all.ipk
Weather App,com.discipleskies.weather_4.0.0_all.ipk,com.abesapps.weather_1.3.83_all.ipk
Weather Window,com.hiddenworldhut.weatherwindow_1.0.1_all.ipk,com.hiddenworldhut.weatherwindow_0.9.5_all.ipk
Weatherman 2.0,net.wizardapps.weatherman_2.0.6_all.ipk,net.wizardapps.weatherman_2.0.4_all.ipk
What's for Dinner? Premium - Cookbook,com.srb.app.wfdp_2.3.2_all.ipk,com.srb.app.wfdp_2.3.0_all.ipk
Word Search,com.invasivebamboo.wordsearch_1.3.0_all.ipk,com.invasivebamboo.wordsearch.hd_2.0.1_all.ipk
Word Whirl,com.sachersoft.wordwhirl_0.9.4_all.ipk,com.sachersoft.wordwhirl_0.9.2_all.ipk
World Cup 2010 - Live scores,com.haui.wm_2.1.2_all.ipk,com.haui.wm_1.0.0_all.ipk
X-Plane 9,com.laminar-research.app.xplane-default_9.5.2_all.ipk,com.laminar-research.app.xplane-default_9.5.0_all.ipk
X-Plane Airliner,com.laminar-research.app.xplane-airliner_9.5.2_all.ipk,com.laminar-research.app.xplane-airliner_9.5.0_all.ipk
X-Plane Glider,com.laminar-research.app.xplane-glider_9.5.2_all.ipk,com.laminar-research.app.xplane-glider_9.5.0_all.ipk
X-Plane Racing,com.laminar-research.app.xplane-racing_9.5.2_all.ipk,com.laminar-research.app.xplane-racing_9.5.0_all.ipk
YouView Visual Voicemail Client,com.gosyntactix.paid.youview_0.7.23_all.ipk,com.gosyntactix.paid.youview_0.6.25_all.ipk
ZenSearch - Craigslist Mobile Browser,net.nizzoli.zensearch_1.5.2_all.ipk,net.nizzoli.zensearch_1.2.0_all.ipk
